User_ID,Age,Gender,Sleep_Duration,Stress_Level,Diet_Type,Daily_Screen_Time,Exercise_Frequency,Caffeine_Intake,Reaction_Time,Memory_Test_Score,Cognitive_Score
U47045,23,Male,6.8,2,Non-Vegetarian,3.8,Medium,403,375.24,55,65.8
U44296,23,Male,8.8,9,Non-Vegetarian,6.6,High,105,388.4,94,79.87
U74784,25,Male,8.2,4,Non-Vegetarian,9.0,Low,340,381.09,74,56.59
U70976,52,Male,5.4,7,Non-Vegetarian,9.7,High,380,345.25,41,47.61
U46646,29,Male,7.8,9,Non-Vegetarian,7.4,Medium,416,233.96,97,92.69
U8216,41,Male,9.8,4,Vegetarian,2.3,Low,407,307.13,89,88.32
U65510,26,Female,4.5,4,Vegetarian,2.4,Low,157,231.3,53,77.21
U62716,56,Female,7.4,9,Vegetarian,7.3,High,386,383.49,69,58.72
U39860,33,Female,8.4,7,Non-Vegetarian,7.1,Medium,448,518.59,65,34.26
U58835,34,Male,9.0,3,Non-Vegetarian,5.8,Low,453,466.93,92,57.42
U53520,58,Female,8.7,7,Non-Vegetarian,5.8,Medium,341,418.82,81,63.58
U834,34,Female,6.0,1,Vegetarian,2.0,High,249,306.66,70,95.91
U51038,33,Male,6.1,3,Non-Vegetarian,7.9,Medium,360,355.78,76,70.85
U54369,28,Male,8.5,7,Non-Vegetarian,9.4,Medium,481,266.04,57,68.44
U25541,18,Male,4.1,10,Vegetarian,5.8,Medium,4,258.58,98,90.32
U36507,39,Male,9.8,7,Non-Vegetarian,1.5,Low,383,494.14,82,49.33
U42404,31,Male,9.1,1,Vegetarian,8.9,Low,421,281.61,74,79.49
U52594,50,Female,9.0,3,Vegetarian,3.3,Medium,211,208.93,67,100.0
U41792,49,Other,4.2,7,Non-Vegetarian,5.6,Low,315,482.79,67,27.73
U28276,50,Male,4.1,5,Vegetarian,5.8,Medium,300,218.59,51,77.57
U4088,39,Female,8.5,5,Non-Vegetarian,11.1,High,82,373.79,43,57.91
U6917,45,Male,6.8,4,Non-Vegetarian,7.0,Low,456,562.75,86,30.19
U62123,30,Male,6.4,1,Non-Vegetarian,5.1,Medium,215,546.57,56,40.75
U41374,56,Female,9.7,2,Non-Vegetarian,3.4,Medium,223,449.35,50,60.95
U36982,54,Female,8.4,4,Non-Vegetarian,9.4,Low,384,486.84,92,46.88
U18710,30,Male,4.0,8,Non-Vegetarian,4.3,High,170,472.44,47,36.91
U52898,48,Female,8.0,10,Non-Vegetarian,10.8,Medium,380,478.97,81,37.87
U28128,23,Female,5.9,3,Non-Vegetarian,6.1,Medium,124,508.78,59,43.87
U9919,20,Other,7.2,4,Vegetarian,3.8,Medium,403,223.99,92,100.0
U10119,36,Male,9.6,1,Non-Vegetarian,8.2,Low,204,340.88,74,76.01
U1697,30,Female,4.5,10,Vegetarian,1.9,High,326,202.83,60,85.82
U50601,21,Female,8.3,10,Non-Vegetarian,2.8,Low,3,321.74,50,58.72
U29167,53,Male,4.6,6,Vegetarian,4.7,Medium,297,564.41,96,43.14
U32279,44,Male,4.9,6,Vegetarian,11.4,Medium,249,332.39,89,69.82
U12270,34,Male,6.4,2,Non-Vegetarian,5.3,Low,279,595.26,47,14.56
U70017,54,Male,5.8,3,Vegan,4.7,Medium,140,557.94,40,27.76
U17052,33,Female,6.9,4,Non-Vegetarian,9.9,Low,303,227.29,57,70.51
U59652,51,Female,9.8,2,Non-Vegetarian,9.3,Medium,265,523.97,90,59.02
U56075,25,Male,6.7,7,Non-Vegetarian,5.1,Low,4,266.03,99,91.83
U37446,18,Male,8.9,2,Non-Vegetarian,3.1,Medium,216,365.07,74,85.98
U64263,45,Male,6.8,5,Vegetarian,10.6,High,3,276.69,52,77.52
U2914,47,Male,7.9,2,Vegetarian,1.6,Medium,181,279.89,81,100.0
U47330,38,Female,8.4,4,Vegetarian,1.7,Medium,289,477.52,78,64.88
U76267,45,Male,4.8,8,Non-Vegetarian,5.7,Low,389,436.14,93,46.08
U9404,21,Other,8.8,3,Vegetarian,9.1,Medium,365,309.2,64,76.12
U35442,32,Male,4.6,6,Vegan,10.0,Medium,304,597.26,81,22.08
U57671,26,Other,6.2,2,Non-Vegetarian,7.2,High,103,565.17,44,33.34
U29396,26,Female,8.6,6,Vegan,7.3,High,91,393.18,50,61.9
U57433,41,Female,6.6,8,Non-Vegetarian,9.5,Medium,79,347.86,72,64.39
U39201,50,Male,9.9,1,Vegetarian,6.4,Low,280,249.24,76,94.06
U14024,38,Male,8.1,5,Non-Vegetarian,5.9,High,6,206.33,46,95.84
U49541,47,Male,8.4,5,Non-Vegetarian,10.0,Medium,401,471.55,57,38.69
U34879,21,Male,7.0,2,Non-Vegetarian,2.5,High,224,346.12,45,76.58
U64393,22,Other,9.2,2,Non-Vegetarian,7.8,Medium,212,247.53,56,90.21
U1530,19,Female,6.8,6,Non-Vegetarian,6.0,High,17,506.85,43,39.28
U78022,48,Other,9.6,3,Non-Vegetarian,2.5,Low,121,449.18,93,73.67
U31079,28,Male,6.8,6,Vegan,5.9,Medium,365,534.41,49,25.88
U30530,36,Female,5.3,2,Non-Vegetarian,1.2,Medium,157,576.97,87,54.0
U19598,23,Female,5.4,7,Vegetarian,3.4,Medium,401,584.8,76,29.21
U60237,20,Male,7.3,8,Non-Vegetarian,7.3,High,486,353.09,44,51.08
U26553,18,Male,9.5,6,Non-Vegetarian,3.9,Low,117,353.61,67,68.38
U4080,42,Female,7.7,1,Non-Vegetarian,1.9,Low,208,569.41,92,52.49
U43440,27,Female,8.1,7,Vegetarian,11.4,Low,258,563.25,96,29.06
U5565,20,Female,7.3,1,Non-Vegetarian,3.5,Medium,166,321.78,67,88.9
U62182,46,Female,9.7,4,Non-Vegetarian,9.8,Medium,48,579.15,44,26.22
U2606,56,Female,7.6,8,Vegan,1.2,Medium,460,354.03,82,75.2
U38143,57,Female,7.3,10,Vegetarian,6.6,Medium,120,319.65,92,80.02
U27629,45,Male,7.6,4,Vegetarian,3.7,Medium,36,365.81,52,70.96
U71091,49,Female,9.2,9,Non-Vegetarian,1.1,Medium,223,545.97,91,53.79
U68116,35,Male,6.3,10,Vegetarian,8.4,Low,485,494.58,55,10.37
U14403,42,Male,4.4,3,Vegetarian,9.1,Medium,319,559.51,67,28.02
U65325,55,Female,9.3,8,Non-Vegetarian,1.3,High,450,518.12,79,54.8
U79910,52,Male,5.1,9,Non-Vegetarian,8.0,High,40,460.59,79,52.14
U63827,20,Female,4.1,3,Vegetarian,11.1,Low,351,431.74,82,42.57
U79434,30,Female,6.1,8,Non-Vegetarian,2.5,Medium,390,278.44,76,81.24
U9339,24,Female,9.0,3,Vegetarian,7.7,Low,492,536.25,89,40.74
U68430,24,Male,5.6,7,Non-Vegetarian,2.4,Medium,108,368.23,43,56.57
U21732,18,Male,5.0,6,Vegan,3.3,Low,279,322.02,46,51.8
U36962,42,Male,8.5,4,Vegetarian,5.3,Medium,225,558.1,49,33.03
U40085,31,Female,8.8,7,Vegetarian,6.3,Medium,460,588.39,65,24.39
U10575,33,Male,9.8,2,Non-Vegetarian,1.5,High,243,436.9,65,78.17
U22231,33,Female,7.9,1,Non-Vegetarian,8.1,Low,320,356.09,98,79.9
U17241,28,Male,9.5,8,Vegetarian,9.6,Medium,290,302.07,87,80.96
U34430,53,Female,5.2,3,Vegetarian,11.7,High,283,322.45,62,68.45
U59349,20,Female,4.5,10,Non-Vegetarian,1.8,Low,120,557.02,76,24.06
U14967,26,Female,7.3,4,Non-Vegetarian,3.1,High,285,365.46,90,90.34
U61068,25,Female,6.0,8,Vegetarian,5.8,High,383,425.83,82,59.67
U2503,30,Male,4.2,9,Non-Vegetarian,1.8,High,285,497.03,64,41.16
U15258,46,Male,8.4,3,Non-Vegetarian,3.4,High,255,202.18,63,100.0
U61092,29,Male,7.8,10,Non-Vegetarian,6.3,Medium,271,565.0,90,36.56
U25470,52,Male,5.5,3,Non-Vegetarian,2.8,Low,294,476.09,59,40.07
U20570,43,Male,9.0,7,Non-Vegetarian,4.5,Low,398,219.5,66,80.71
U56823,34,Female,4.4,9,Non-Vegetarian,7.0,High,404,238.78,45,64.92
U27156,25,Male,7.4,2,Vegetarian,9.3,Low,33,296.67,59,71.24
U9725,19,Male,7.9,4,Vegetarian,3.9,Medium,107,457.0,50,53.64
U51251,36,Female,7.4,1,Non-Vegetarian,11.5,Low,91,243.44,65,80.66
U28076,31,Female,5.8,4,Non-Vegetarian,1.0,Medium,473,462.29,43,42.09
U61091,37,Female,7.7,9,Non-Vegetarian,4.3,Low,335,392.62,51,39.31
U29625,21,Female,5.7,5,Vegetarian,3.5,Medium,25,230.54,41,82.73
U56304,49,Female,7.5,2,Non-Vegetarian,8.8,Low,88,241.42,81,91.3
U69392,34,Male,8.0,7,Non-Vegetarian,2.9,Medium,248,475.58,60,48.43
U28099,41,Female,6.6,3,Non-Vegetarian,6.1,Medium,25,349.95,81,84.73
U42821,59,Female,7.1,8,Vegetarian,4.6,Low,284,420.03,88,54.62
U66970,20,Male,6.6,5,Vegetarian,10.1,Low,348,544.67,78,24.31
U43107,29,Male,8.6,4,Non-Vegetarian,8.2,Low,449,335.13,90,72.07
U51756,32,Female,5.7,2,Non-Vegetarian,9.2,High,464,243.88,57,82.17
U62430,18,Male,5.3,6,Vegan,7.3,Medium,293,226.56,74,86.03
U41813,40,Male,6.4,3,Vegetarian,2.3,Low,372,256.47,73,84.66
U63692,36,Male,9.0,9,Vegetarian,11.7,Low,113,499.8,59,21.39
U54358,43,Male,4.7,2,Vegan,10.9,Medium,474,329.29,79,69.19
U20145,31,Female,7.9,3,Non-Vegetarian,1.5,Low,103,408.01,53,58.99
U46615,31,Male,6.6,3,Non-Vegetarian,7.5,Low,225,502.84,50,27.64
U60982,53,Female,6.1,10,Vegetarian,2.6,Low,258,245.08,70,72.29
U18830,26,Female,8.3,5,Non-Vegetarian,9.9,Medium,113,280.82,41,68.19
U20500,41,Male,5.0,6,Vegetarian,4.0,Medium,362,310.77,40,57.97
U25692,58,Male,4.1,5,Non-Vegetarian,5.8,Low,168,228.12,84,85.12
U56465,57,Female,6.6,1,Vegetarian,3.6,Low,43,430.16,78,67.25
U52229,42,Female,6.0,6,Non-Vegetarian,4.2,Low,437,547.45,58,17.72
U70128,39,Male,9.2,10,Vegan,6.9,Low,375,237.05,94,83.04
U47748,19,Female,9.7,7,Non-Vegetarian,11.4,Medium,289,329.87,89,77.04
U53692,33,Male,7.0,10,Vegan,11.4,Low,368,444.32,62,21.49
U71068,59,Male,6.8,8,Vegetarian,6.6,Medium,365,445.73,70,46.11
U77775,30,Female,5.7,7,Non-Vegetarian,9.5,Medium,273,289.68,90,79.41
U76429,43,Male,9.4,7,Vegan,7.5,Low,461,438.93,80,46.18
U18608,50,Male,9.3,1,Non-Vegetarian,10.2,Medium,460,589.49,90,43.85
U29336,49,Female,4.4,8,Non-Vegetarian,6.7,High,371,582.07,97,36.82
U57295,29,Male,4.6,2,Vegetarian,4.5,Medium,348,202.38,48,86.76
U35165,53,Male,9.5,3,Non-Vegetarian,4.8,Medium,320,522.54,57,45.81
U60043,18,Female,9.6,10,Non-Vegetarian,7.7,Medium,352,598.86,78,24.8
U40177,35,Male,5.3,8,Non-Vegetarian,3.4,Medium,264,240.16,42,70.19
U40779,24,Female,7.0,2,Non-Vegetarian,9.2,High,394,327.01,70,78.82
U8773,53,Female,8.0,6,Non-Vegetarian,10.5,Medium,496,572.56,73,24.4
U49790,45,Male,4.7,1,Non-Vegetarian,7.9,Medium,478,538.02,83,42.82
U41790,24,Female,9.4,4,Non-Vegetarian,9.2,Low,320,389.31,45,43.22
U67321,44,Female,9.0,3,Non-Vegetarian,5.9,High,319,282.49,91,100.0
U69759,37,Male,7.7,1,Non-Vegetarian,9.1,High,67,396.95,61,72.75
U79390,46,Male,9.1,9,Non-Vegetarian,6.2,Low,259,392.03,61,45.88
U56900,18,Male,4.8,3,Non-Vegetarian,2.6,Low,330,490.43,68,40.36
U72657,21,Other,8.3,1,Vegetarian,11.0,High,130,373.46,49,67.76
U12311,49,Male,8.8,7,Non-Vegetarian,6.8,Low,488,516.85,42,13.5
U60166,19,Female,6.3,8,Non-Vegetarian,2.6,Medium,28,232.91,45,80.82
U39156,42,Female,8.2,7,Vegan,7.8,Medium,190,500.1,44,30.55
U53676,18,Female,6.7,2,Vegetarian,11.4,Low,452,300.01,56,56.26
U3404,20,Male,7.7,9,Non-Vegetarian,5.5,Medium,464,267.79,86,83.24
U14255,31,Male,7.5,2,Non-Vegetarian,8.8,Medium,29,443.68,47,51.77
U11669,26,Male,5.9,8,Non-Vegetarian,10.6,Low,295,387.54,48,28.41
U45428,31,Male,4.6,7,Vegan,5.4,Medium,495,587.52,99,33.78
U65502,55,Male,4.7,6,Non-Vegetarian,10.6,Medium,84,439.59,74,48.56
U74036,23,Female,5.2,7,Non-Vegetarian,6.4,Low,86,517.14,69,28.39
U34492,39,Female,7.9,6,Non-Vegetarian,11.0,Medium,445,417.38,52,39.84
U8182,45,Male,8.7,10,Non-Vegetarian,1.3,High,429,322.31,93,89.65
U17371,56,Other,9.7,7,Non-Vegetarian,2.0,Low,248,501.38,74,45.88
U35190,39,Female,7.7,5,Non-Vegetarian,5.4,High,447,528.44,91,55.79
U18699,47,Male,7.7,3,Vegetarian,8.2,Medium,146,389.58,84,76.25
U73675,50,Male,8.6,10,Non-Vegetarian,3.4,Low,427,439.25,94,52.35
U19355,58,Male,8.7,5,Non-Vegetarian,6.6,High,342,581.67,75,41.22
U23038,33,Male,6.0,3,Non-Vegetarian,1.9,Medium,190,331.34,47,72.63
U60716,57,Female,4.5,6,Non-Vegetarian,1.8,Low,63,306.78,77,75.41
U62576,23,Male,9.0,9,Vegetarian,7.6,Low,318,561.27,49,8.2
U44205,37,Female,4.5,8,Vegetarian,3.3,Low,1,534.37,90,38.97
U61346,20,Female,7.6,8,Non-Vegetarian,5.5,High,70,568.22,80,44.85
U27754,27,Female,6.7,5,Non-Vegetarian,3.3,Medium,385,442.34,46,45.03
U70352,46,Female,4.2,10,Non-Vegetarian,9.2,Medium,46,523.46,52,17.44
U76826,18,Male,5.1,6,Non-Vegetarian,11.7,Medium,274,544.9,89,33.85
U78620,43,Male,5.7,10,Non-Vegetarian,3.4,Medium,119,287.1,65,73.57
U42621,51,Female,9.3,8,Vegan,1.0,High,448,365.69,76,79.19
U27873,31,Male,4.3,4,Non-Vegetarian,3.8,Medium,38,475.14,96,67.95
U40368,54,Female,9.5,4,Vegetarian,5.5,Low,303,364.67,57,59.41
U31339,45,Male,6.8,7,Vegetarian,5.1,Medium,208,478.56,76,51.03
U13153,43,Male,8.3,2,Non-Vegetarian,6.8,Low,314,326.21,86,79.75
U68886,35,Male,7.2,8,Non-Vegetarian,2.8,Medium,23,246.87,54,84.6
U24500,35,Male,7.6,6,Non-Vegetarian,6.6,Medium,310,261.25,45,71.06
U51403,50,Female,8.1,3,Non-Vegetarian,2.6,Medium,414,337.32,92,92.8
U40475,38,Female,5.7,8,Non-Vegetarian,5.9,Low,375,232.86,86,78.24
U75151,49,Female,9.9,7,Vegetarian,1.7,Low,37,570.85,87,45.87
U8318,40,Female,7.1,4,Vegan,2.5,Medium,244,362.38,84,84.17
U68853,19,Female,7.6,10,Vegetarian,2.5,Low,286,343.61,41,43.96
U48335,37,Male,5.4,1,Non-Vegetarian,11.9,High,458,285.79,85,86.66
U53559,40,Male,6.2,8,Non-Vegetarian,9.5,Medium,370,591.64,40,1.14
U59514,40,Male,4.8,9,Vegetarian,10.8,High,228,279.19,88,78.31
U48816,46,Male,4.1,8,Non-Vegetarian,1.5,Medium,283,561.05,95,43.28
U21880,34,Male,6.4,9,Non-Vegetarian,8.7,Medium,267,427.22,88,54.21
U67678,40,Female,8.4,5,Non-Vegetarian,2.0,High,243,265.81,54,91.64
U279,29,Female,8.2,4,Vegetarian,4.1,Medium,70,415.41,45,59.12
U26822,28,Male,7.3,3,Vegetarian,1.2,High,238,567.63,50,42.44
U35432,25,Female,4.5,2,Non-Vegetarian,2.1,Medium,90,442.25,66,64.34
U53560,44,Female,8.7,5,Non-Vegetarian,4.1,Low,429,565.86,62,24.36
U45217,22,Male,6.1,1,Non-Vegetarian,8.0,Medium,375,316.97,70,77.87
U41848,59,Female,6.8,1,Non-Vegetarian,1.8,Medium,252,509.24,94,70.99
U60148,51,Female,7.6,8,Non-Vegetarian,4.0,Medium,251,496.83,73,46.88
U21910,46,Female,9.3,4,Non-Vegetarian,5.4,Low,422,519.39,99,52.0
U37533,34,Male,7.7,9,Vegetarian,7.9,Medium,290,279.6,96,86.15
U17715,20,Male,6.0,10,Vegetarian,3.8,High,48,529.17,91,52.64
U27481,56,Female,4.1,8,Vegetarian,5.1,Medium,339,488.23,81,41.9
U35971,21,Male,6.5,8,Vegan,9.6,High,186,358.88,83,70.57
U29706,46,Male,5.0,7,Vegetarian,8.9,Low,437,474.18,92,35.88
U46461,37,Male,4.0,5,Non-Vegetarian,6.6,Low,414,373.36,97,61.09
U48670,41,Male,8.6,7,Non-Vegetarian,5.2,Low,67,579.91,74,29.41
U26349,46,Female,9.8,4,Non-Vegetarian,4.6,Medium,475,325.86,42,66.89
U56695,49,Male,6.2,10,Vegetarian,8.8,Low,188,587.25,67,6.06
U76300,21,Male,4.4,6,Non-Vegetarian,9.0,Medium,479,262.89,44,56.9
U70892,51,Male,8.6,8,Vegetarian,4.3,Low,290,394.94,49,42.63
U77551,54,Male,9.8,4,Non-Vegetarian,11.4,Low,198,336.68,58,58.43
U50405,28,Male,5.9,9,Non-Vegetarian,5.4,Medium,238,551.5,65,26.52
U56199,38,Female,8.2,8,Non-Vegetarian,1.1,Medium,258,521.83,41,32.12
U62380,30,Female,6.3,10,Non-Vegetarian,10.3,Low,142,304.98,94,65.48
U30138,55,Female,9.4,4,Non-Vegetarian,11.8,Medium,189,313.74,85,84.53
U7109,59,Male,4.1,8,Vegan,2.4,Low,278,375.25,50,40.5
U46495,31,Male,9.5,5,Non-Vegetarian,1.0,Medium,119,322.2,94,100.0
U6793,32,Female,8.3,9,Non-Vegetarian,10.2,Medium,375,218.48,98,93.39
U34383,51,Female,9.3,6,Non-Vegetarian,1.2,High,50,489.62,95,79.7
U35177,18,Female,8.3,1,Non-Vegetarian,8.3,Low,357,373.75,45,50.22
U7432,25,Female,5.3,6,Non-Vegetarian,5.3,Low,283,432.79,55,35.36
U12401,49,Female,7.0,9,Non-Vegetarian,7.3,Low,445,482.08,67,24.3
U77524,51,Male,7.8,2,Non-Vegetarian,8.1,High,408,458.0,99,74.46
U20068,18,Male,6.8,3,Vegetarian,5.3,Medium,385,583.54,51,25.19
U73443,21,Male,4.8,9,Non-Vegetarian,11.3,Medium,407,201.88,44,59.86
U51742,25,Male,9.4,10,Non-Vegetarian,3.9,Low,295,584.07,83,26.2
U16175,46,Female,7.8,5,Vegetarian,6.2,Low,15,442.59,52,43.24
U10674,42,Female,7.9,4,Non-Vegetarian,4.3,Medium,125,408.08,74,72.84
U20276,33,Female,5.5,4,Non-Vegetarian,7.2,Medium,314,320.62,81,77.98
U26228,49,Male,5.4,4,Non-Vegetarian,9.7,High,11,551.58,51,31.6
U47348,48,Other,10.0,3,Non-Vegetarian,10.3,High,294,243.57,90,100.0
U3037,24,Male,9.8,5,Non-Vegetarian,6.8,Low,264,474.12,94,57.1
U41019,36,Female,5.8,6,Non-Vegetarian,2.0,Medium,415,455.41,46,40.4
U40251,41,Male,4.4,8,Vegan,10.2,Medium,339,299.75,42,46.76
U26091,34,Male,8.0,4,Non-Vegetarian,8.5,Low,433,517.83,90,40.28
U25606,57,Male,8.0,5,Non-Vegetarian,11.7,Low,115,261.04,61,68.14
U74909,21,Male,6.3,7,Non-Vegetarian,9.9,Low,87,453.12,90,46.49
U63711,27,Female,7.7,4,Non-Vegetarian,2.7,High,41,505.56,80,68.27
U11931,41,Female,4.1,8,Non-Vegetarian,9.6,Low,269,419.91,55,24.94
U13610,51,Other,9.0,5,Vegetarian,2.8,Medium,76,421.47,40,57.03
U70842,26,Male,4.9,4,Non-Vegetarian,4.5,High,315,446.28,53,50.87
U67326,42,Other,6.5,5,Non-Vegetarian,8.2,Low,32,202.91,42,72.24
U59763,51,Male,7.8,9,Non-Vegetarian,8.3,High,101,259.49,95,97.38
U2955,43,Female,7.2,1,Vegetarian,3.4,Low,30,590.3,87,46.82
U34439,48,Female,9.5,4,Non-Vegetarian,5.8,Low,196,533.96,43,25.89
U50040,50,Female,7.4,2,Non-Vegetarian,1.4,Low,30,294.03,78,93.1
U50053,21,Female,4.0,6,Vegetarian,10.1,High,359,422.06,74,50.33
U48756,40,Other,6.3,2,Vegetarian,4.6,High,165,573.97,52,38.74
U35684,35,Male,5.3,2,Vegetarian,2.8,Low,403,230.3,70,85.96
U63562,44,Female,9.7,9,Non-Vegetarian,10.7,Medium,50,501.26,82,46.81
U77016,52,Male,7.7,1,Non-Vegetarian,9.7,Medium,146,285.17,52,79.4
U67961,59,Female,9.5,2,Non-Vegetarian,9.6,Medium,106,547.44,76,50.24
U21528,49,Female,5.1,8,Non-Vegetarian,9.8,Low,78,360.61,70,47.84
U49839,18,Male,6.1,7,Non-Vegetarian,11.9,Medium,181,364.86,98,69.92
U45670,41,Female,7.0,6,Non-Vegetarian,3.4,Medium,279,264.72,85,94.7
U58045,45,Male,6.0,5,Vegan,6.2,Medium,39,486.0,78,54.92
U20976,40,Male,9.2,6,Vegan,3.4,Low,125,251.24,68,85.93
U56340,40,Other,9.2,10,Vegetarian,3.5,Low,450,340.94,62,53.33
U26102,48,Male,7.7,5,Vegetarian,9.6,Low,76,272.9,58,68.0
U39088,55,Female,5.0,5,Non-Vegetarian,11.3,Low,444,262.56,71,60.91
U62835,54,Male,9.9,4,Non-Vegetarian,1.2,High,101,396.15,58,80.96
U76669,29,Male,6.6,6,Vegetarian,7.8,Medium,232,573.4,53,20.79
U19549,54,Female,6.9,5,Non-Vegetarian,11.7,Medium,206,542.85,51,22.15
U62010,52,Female,8.1,10,Vegetarian,5.8,Medium,456,469.2,78,44.18
U23331,18,Female,7.8,6,Non-Vegetarian,12.0,Low,223,344.8,74,55.67
U43768,31,Male,8.5,1,Vegetarian,11.5,Low,419,371.95,72,58.38
U30450,19,Female,9.8,10,Non-Vegetarian,6.3,Medium,190,445.55,79,56.59
U16277,45,Female,5.4,8,Vegetarian,4.3,Low,330,218.36,99,89.86
U65313,28,Female,4.1,8,Non-Vegetarian,11.1,Medium,192,243.55,94,83.12
U4249,58,Other,7.1,4,Vegetarian,1.2,Low,346,498.1,83,50.96
U41083,23,Male,6.7,1,Vegan,9.1,High,322,584.32,58,32.92
U74608,39,Male,9.1,4,Vegetarian,6.1,Low,305,257.54,48,71.03
U2969,55,Female,5.3,1,Non-Vegetarian,4.2,Medium,346,361.8,98,89.08
U38176,21,Female,7.9,8,Non-Vegetarian,10.8,Medium,114,236.12,45,69.47
U55180,34,Female,8.4,10,Non-Vegetarian,3.5,Low,79,506.12,85,43.12
U52064,38,Female,6.2,5,Vegetarian,8.4,Low,207,366.92,75,57.01
U75580,23,Male,7.3,1,Vegan,7.1,Low,186,564.96,74,36.07
U21686,26,Female,9.5,8,Non-Vegetarian,11.3,High,319,524.6,81,42.74
U56030,24,Female,9.7,1,Non-Vegetarian,7.0,Medium,141,416.67,40,59.63
U60457,31,Female,6.1,1,Non-Vegetarian,6.7,Medium,195,300.15,92,97.22
U76750,20,Female,7.5,9,Non-Vegetarian,3.5,Medium,405,568.25,79,33.44
U10849,41,Male,6.8,2,Non-Vegetarian,10.0,Low,40,228.54,99,100.0
U324,57,Female,8.7,4,Non-Vegetarian,2.8,Medium,374,416.62,49,57.78
U18776,43,Female,5.1,1,Non-Vegetarian,9.5,Low,125,509.87,76,39.47
U46458,39,Female,6.7,7,Non-Vegetarian,11.5,Medium,256,564.59,56,15.93
U38954,54,Male,5.9,6,Vegetarian,9.1,High,466,585.04,65,21.82
U3133,34,Female,5.1,4,Non-Vegetarian,5.5,High,343,402.82,58,58.95
U58682,49,Male,8.8,3,Non-Vegetarian,1.8,Medium,72,400.75,92,91.67
U6758,36,Male,5.0,2,Non-Vegetarian,9.7,Medium,158,343.99,94,82.96
U35839,30,Other,4.4,3,Non-Vegetarian,9.3,Medium,48,526.49,50,30.14
U18025,46,Female,4.8,7,Non-Vegetarian,6.4,Medium,123,242.94,70,83.05
U72775,32,Male,9.0,3,Vegetarian,9.4,High,314,463.02,89,68.95
U61474,47,Male,6.7,8,Vegetarian,1.9,Medium,312,291.3,44,66.76
U8247,45,Female,9.2,9,Vegetarian,11.1,High,296,492.5,97,54.25
U7118,29,Female,9.6,9,Non-Vegetarian,5.6,Medium,285,452.51,51,42.18
U77920,24,Other,5.5,9,Vegetarian,11.8,Medium,191,471.32,48,21.93
U18148,47,Female,5.9,6,Vegetarian,9.2,Low,164,292.15,78,68.03
U20580,37,Male,4.4,5,Vegetarian,1.1,Low,151,332.11,60,63.78
U20808,44,Male,4.8,7,Vegetarian,3.9,Medium,56,222.49,47,80.05
U55136,21,Male,9.1,9,Vegetarian,5.7,Medium,196,429.28,51,46.68
U78817,30,Male,4.3,10,Non-Vegetarian,8.4,Low,13,255.68,84,70.13
U15679,33,Male,5.5,4,Non-Vegetarian,2.1,High,477,226.94,89,100.0
U13822,35,Male,9.8,8,Non-Vegetarian,8.8,Medium,115,437.55,50,45.18
U68444,40,Female,5.5,3,Non-Vegetarian,10.6,Medium,476,343.09,46,50.4
U17550,55,Male,7.0,2,Vegan,7.6,Low,134,302.85,42,61.44
U25246,40,Male,4.1,10,Non-Vegetarian,8.1,High,156,359.46,51,48.52
U11752,34,Male,6.8,7,Vegetarian,10.5,Low,478,412.48,46,23.54
U35480,42,Female,7.9,1,Non-Vegetarian,7.0,High,307,361.66,63,78.38
U46025,42,Male,9.9,2,Non-Vegetarian,7.1,Low,234,396.58,92,75.37
U41321,31,Male,7.2,2,Non-Vegetarian,6.8,Medium,235,276.67,72,90.39
U56667,58,Female,5.1,5,Non-Vegetarian,5.8,Medium,94,420.28,46,47.57
U63101,23,Female,4.3,8,Non-Vegetarian,9.2,Low,70,492.53,73,26.81
U62169,50,Female,8.5,9,Non-Vegetarian,11.5,Low,141,307.86,71,58.12
U6649,42,Female,5.4,5,Non-Vegetarian,11.3,Medium,482,427.33,95,55.49
U37991,46,Male,7.3,4,Non-Vegetarian,3.5,Low,149,595.61,93,40.6
U14193,30,Male,6.0,5,Vegetarian,8.1,Medium,241,397.19,79,63.33
U22380,33,Female,5.5,9,Vegetarian,8.6,Low,421,252.33,60,54.62
U314,51,Male,5.6,3,Vegetarian,7.3,Medium,284,571.48,65,30.82
U66222,40,Female,5.1,2,Vegetarian,4.0,Medium,7,588.1,45,29.54
U12808,41,Male,6.9,9,Non-Vegetarian,2.5,Medium,71,555.17,43,24.6
U38900,39,Female,6.6,7,Vegetarian,11.0,Medium,464,578.75,89,26.46
U70384,52,Male,8.1,1,Vegetarian,8.3,Medium,183,515.68,52,43.14
U7845,29,Female,8.6,9,Vegetarian,7.7,Medium,47,369.83,58,59.07
U26972,19,Male,7.9,5,Vegetarian,11.2,Medium,41,588.96,75,32.52
U21290,38,Male,7.7,4,Non-Vegetarian,1.5,High,164,430.09,75,77.69
U67044,18,Male,8.9,5,Non-Vegetarian,11.2,Low,24,236.99,46,69.02
U16972,41,Female,5.6,9,Non-Vegetarian,8.1,Medium,366,366.93,84,59.58
U980,55,Male,8.8,9,Non-Vegetarian,10.4,Medium,429,537.7,95,38.3
U21745,41,Female,6.3,9,Vegetarian,11.5,High,307,574.95,64,17.38
U61943,29,Female,9.4,3,Vegan,9.2,Low,461,311.92,58,61.79
U73089,43,Female,6.5,7,Non-Vegetarian,2.9,Low,148,232.32,87,91.47
U74078,47,Female,9.9,1,Vegetarian,4.1,Low,446,213.45,61,92.66
U18576,30,Male,5.8,10,Vegetarian,6.2,High,156,237.93,65,82.02
U45754,24,Male,8.5,10,Non-Vegetarian,2.4,High,440,244.58,59,83.34
U380,39,Female,4.6,1,Non-Vegetarian,11.6,Medium,401,526.36,52,25.05
U67250,43,Female,4.7,10,Non-Vegetarian,10.1,Low,398,317.08,83,49.94
U663,39,Female,4.6,2,Vegan,8.3,Medium,176,496.86,69,45.92
U70082,34,Female,6.3,1,Vegan,9.3,Medium,277,469.17,71,53.41
U71922,52,Female,6.8,5,Vegetarian,1.2,Low,419,304.3,41,58.2
U77110,30,Other,6.2,3,Vegetarian,2.3,High,23,594.66,82,54.38
U67231,38,Male,5.0,4,Vegetarian,7.4,High,196,390.02,82,72.98
U21364,43,Male,9.6,5,Vegetarian,10.6,Medium,270,328.21,53,64.7
U39803,23,Female,8.2,2,Non-Vegetarian,11.3,High,9,338.11,99,98.42
U9207,44,Female,4.6,4,Non-Vegetarian,9.6,Medium,20,508.31,59,36.18
U13739,47,Female,6.7,3,Vegan,1.7,High,251,209.21,75,100.0
U46819,25,Female,4.3,1,Non-Vegetarian,6.1,Medium,308,442.59,90,67.53
U74373,49,Female,8.7,8,Vegetarian,2.8,High,248,406.73,84,76.45
U5325,31,Male,5.7,10,Vegetarian,8.6,Low,58,286.05,45,47.16
U58504,28,Female,9.7,1,Vegan,2.3,Low,435,504.71,69,50.63
U36609,48,Female,9.8,2,Non-Vegetarian,5.7,Medium,345,582.11,47,31.63
U72718,32,Male,7.5,8,Non-Vegetarian,10.3,Low,208,272.83,93,75.42
U23152,22,Female,7.1,7,Non-Vegetarian,9.2,Medium,222,279.3,94,87.41
U30953,40,Male,4.7,5,Non-Vegetarian,7.7,High,129,529.36,73,43.54
U55282,28,Female,4.9,2,Non-Vegetarian,1.8,High,219,315.96,59,85.56
U15441,30,Female,7.8,7,Non-Vegetarian,7.7,Low,11,528.49,51,22.25
U34167,57,Female,7.6,1,Non-Vegetarian,5.1,High,57,512.66,69,63.47
U10956,52,Male,4.9,9,Non-Vegetarian,6.7,Low,422,224.64,69,65.37
U348,49,Male,4.0,2,Vegetarian,5.0,Medium,439,297.76,49,67.59
U15295,24,Male,5.9,2,Non-Vegetarian,1.4,Medium,72,430.35,55,65.04
U19385,54,Male,7.3,3,Non-Vegetarian,7.2,High,61,516.05,96,68.57
U61377,58,Female,8.7,9,Vegetarian,10.8,Low,454,396.67,58,32.01
U24041,53,Male,8.1,7,Vegetarian,1.1,Low,345,545.89,60,27.67
U60557,37,Female,5.4,1,Non-Vegetarian,2.8,Low,321,324.99,87,82.52
U68977,33,Male,6.9,4,Non-Vegetarian,8.7,Low,338,300.84,81,71.35
U25211,42,Female,4.3,7,Non-Vegetarian,8.8,Low,498,431.68,76,32.49
U41596,25,Male,4.7,3,Non-Vegetarian,1.6,High,485,465.06,47,47.29
U44152,58,Female,4.2,4,Vegetarian,9.4,Medium,300,491.49,59,32.88
U65566,34,Male,7.9,4,Non-Vegetarian,8.2,High,127,256.33,66,93.24
U30661,38,Female,4.1,1,Non-Vegetarian,10.6,Medium,406,221.79,83,91.72
U64523,53,Male,7.3,7,Non-Vegetarian,7.5,Medium,140,514.04,97,54.38
U16427,33,Female,8.5,1,Vegan,2.3,Medium,116,467.55,51,61.8
U52633,51,Female,8.3,3,Vegetarian,6.5,Low,143,271.43,57,76.25
U19287,42,Male,4.6,6,Non-Vegetarian,9.0,Medium,308,399.14,76,54.02
U47573,52,Female,8.7,1,Vegetarian,2.1,Medium,355,579.36,40,33.59
U53613,37,Male,5.2,7,Non-Vegetarian,5.3,High,490,389.26,95,71.27
U78074,48,Male,6.5,4,Non-Vegetarian,10.9,Medium,484,494.65,41,22.03
U62985,27,Male,9.3,7,Non-Vegetarian,1.5,Low,63,364.45,67,68.85
U63237,22,Male,4.3,2,Vegetarian,2.0,Medium,151,395.26,75,75.2
U37838,56,Female,7.7,1,Non-Vegetarian,2.6,Low,449,300.51,85,87.93
U66587,43,Female,6.2,4,Vegan,7.1,Medium,64,236.17,86,100.0
U47558,50,Female,4.4,7,Non-Vegetarian,11.4,High,160,546.1,71,28.98
U48391,33,Male,4.1,5,Non-Vegetarian,3.1,Low,143,463.94,74,45.37
U68238,25,Male,5.6,2,Non-Vegetarian,1.2,Low,426,240.08,52,77.87
U5048,56,Male,7.9,8,Non-Vegetarian,6.4,Medium,54,250.76,80,92.33
U28684,19,Male,4.3,8,Non-Vegetarian,8.6,Low,140,519.86,91,30.76
U61266,46,Female,6.5,7,Vegan,1.4,Medium,3,330.93,77,85.18
U45283,32,Female,9.4,9,Vegetarian,1.3,Medium,106,589.63,82,44.46
U46396,51,Male,6.2,4,Non-Vegetarian,1.0,Medium,337,371.89,93,85.68
U52905,41,Male,6.0,1,Non-Vegetarian,3.2,Medium,17,229.87,68,100.0
U79211,44,Other,9.5,9,Non-Vegetarian,11.6,Medium,144,503.53,90,46.8
U18894,48,Male,8.1,9,Non-Vegetarian,1.9,Medium,5,403.71,98,81.97
U45574,31,Male,7.5,2,Vegan,4.7,Low,114,499.55,45,35.91
U51563,53,Female,5.5,6,Non-Vegetarian,6.0,Low,105,258.13,58,68.88
U20035,36,Female,4.4,1,Vegetarian,2.5,Medium,391,561.61,79,46.13
U69868,52,Female,5.7,8,Non-Vegetarian,3.4,High,263,216.01,80,99.04
U16987,40,Male,7.2,1,Non-Vegetarian,2.7,Medium,203,404.06,79,81.45
U12144,51,Female,6.1,2,Vegan,4.1,Medium,21,227.61,72,100.0
U29154,47,Male,7.6,3,Non-Vegetarian,3.0,Medium,316,453.5,45,50.3
U76474,31,Male,6.7,4,Non-Vegetarian,5.2,Low,195,514.28,72,38.99
U51271,54,Female,7.5,7,Non-Vegetarian,6.8,High,61,211.14,41,84.89
U30666,23,Male,8.8,1,Non-Vegetarian,10.4,High,346,397.38,56,64.85
U2475,19,Male,5.8,1,Vegetarian,5.4,Medium,221,547.87,64,42.77
U24591,21,Female,8.4,4,Non-Vegetarian,4.2,High,4,300.01,83,100.0
U49645,45,Male,6.4,8,Non-Vegetarian,7.7,Low,216,369.65,62,45.32
U21767,48,Female,7.5,1,Vegan,8.3,Low,46,425.14,66,56.77
U78139,21,Female,7.1,9,Non-Vegetarian,8.9,Low,260,574.64,54,3.88
U38783,22,Female,8.2,1,Non-Vegetarian,2.4,Medium,94,373.3,97,100.0
U38815,22,Female,5.0,8,Vegan,5.9,Low,289,462.04,88,41.36
U39684,51,Female,7.7,5,Non-Vegetarian,6.0,Low,304,390.7,49,44.7
U71215,28,Male,4.6,2,Non-Vegetarian,7.2,Medium,278,344.84,50,61.37
U24146,33,Male,5.9,4,Vegetarian,2.7,High,213,511.89,81,60.68
U55524,51,Male,9.4,2,Non-Vegetarian,10.4,Low,490,245.34,62,74.51
U44078,24,Male,8.4,1,Vegetarian,6.3,High,439,256.23,49,88.36
U10902,52,Male,5.2,8,Non-Vegetarian,5.4,Medium,91,424.01,85,61.31
U20083,40,Female,7.5,2,Non-Vegetarian,2.6,Low,318,577.04,54,26.57
U11779,18,Male,7.5,4,Non-Vegetarian,8.7,Medium,344,470.42,88,57.67
U13040,35,Male,7.5,10,Vegetarian,11.5,Low,185,306.73,59,47.43
U9490,55,Female,5.3,4,Non-Vegetarian,6.0,Low,432,567.42,89,29.89
U35564,18,Male,8.0,8,Non-Vegetarian,1.8,Medium,77,384.07,53,63.25
U36058,50,Female,9.7,4,Vegetarian,2.3,Medium,313,496.69,54,50.91
U34668,42,Female,10.0,8,Non-Vegetarian,2.7,Medium,311,394.27,78,72.02
U64715,59,Female,5.3,10,Non-Vegetarian,7.8,High,472,478.15,89,44.27
U958,36,Other,6.1,7,Vegetarian,12.0,High,284,356.08,93,71.67
U29353,37,Female,8.9,4,Non-Vegetarian,9.2,Low,439,365.46,98,70.31
U29881,39,Male,7.0,9,Vegetarian,10.5,Low,206,598.75,40,0.0
U35640,46,Male,4.0,3,Vegetarian,11.6,Low,88,497.88,94,41.86
U62992,56,Female,7.2,8,Non-Vegetarian,8.4,Medium,344,251.12,87,85.57
U42550,59,Female,4.4,9,Non-Vegetarian,4.5,High,487,264.01,41,60.81
U30234,48,Male,7.4,8,Non-Vegetarian,1.4,High,185,598.71,68,37.21
U75280,38,Other,4.9,5,Vegetarian,1.4,Low,202,503.12,92,50.81
U74258,45,Female,5.4,6,Non-Vegetarian,3.5,High,186,331.38,45,67.1
U55583,28,Female,4.2,6,Non-Vegetarian,3.0,High,259,234.84,41,78.08
U19633,46,Female,7.8,5,Vegan,5.1,Low,177,591.59,40,10.81
U5344,51,Female,5.4,10,Non-Vegetarian,4.5,Medium,270,254.64,41,61.71
U4231,56,Male,7.8,1,Vegetarian,7.2,Medium,393,596.08,96,48.59
U24180,32,Male,4.7,4,Non-Vegetarian,4.2,High,271,367.14,65,70.99
U53468,20,Female,8.7,7,Vegetarian,3.7,Low,162,536.76,47,23.65
U8518,29,Female,6.7,6,Vegetarian,1.8,Medium,480,541.92,40,23.78
U40093,23,Male,6.5,8,Non-Vegetarian,4.3,Medium,448,281.4,74,76.69
U47291,24,Male,6.5,7,Non-Vegetarian,10.2,High,382,255.13,45,66.04
U67555,41,Other,9.4,6,Non-Vegetarian,10.9,Medium,10,278.68,60,78.8
U1403,48,Male,9.6,7,Non-Vegetarian,10.7,Low,153,574.75,95,32.8
U8507,33,Other,9.2,4,Vegan,1.6,Low,436,541.69,59,33.5
U47487,43,Female,5.1,2,Non-Vegetarian,6.5,Medium,89,425.56,50,53.74
U39849,44,Female,7.7,5,Vegetarian,10.0,Medium,373,535.18,90,43.74
U39364,25,Female,4.4,4,Non-Vegetarian,6.9,Medium,446,555.57,98,42.93
U30646,47,Male,7.5,1,Non-Vegetarian,4.5,Low,196,547.69,59,35.55
U75913,29,Female,6.8,6,Non-Vegetarian,5.2,Low,63,489.11,95,53.52
U24944,34,Female,4.4,9,Non-Vegetarian,9.5,Medium,102,219.55,72,78.92
U22776,54,Male,9.3,1,Non-Vegetarian,2.9,Low,42,210.9,61,100.0
U69304,22,Female,8.1,3,Vegetarian,1.8,High,176,447.35,56,67.42
U75797,33,Male,9.6,7,Vegan,11.4,Medium,229,515.31,92,48.64
U25384,44,Female,5.8,1,Vegetarian,2.3,High,458,494.11,94,71.64
U40792,27,Other,5.3,1,Non-Vegetarian,1.7,High,117,375.55,74,88.12
U28714,20,Female,5.2,6,Non-Vegetarian,8.0,Medium,75,235.35,93,97.18
U74131,18,Female,7.8,2,Vegetarian,4.6,Low,353,203.19,79,98.27
U36603,58,Male,5.7,7,Non-Vegetarian,4.5,Low,121,231.44,96,92.66
U62126,29,Female,5.0,7,Vegetarian,11.1,Low,196,237.56,90,75.84
U74052,50,Female,6.3,7,Vegetarian,7.7,Medium,177,233.11,66,82.66
U41252,43,Female,4.2,2,Non-Vegetarian,1.8,Medium,58,551.36,90,58.65
U13823,50,Female,7.4,5,Vegetarian,6.1,Low,491,502.98,83,38.5
U68773,52,Female,5.9,5,Non-Vegetarian,3.9,Low,330,597.21,59,14.31
U33284,30,Female,7.6,6,Non-Vegetarian,8.9,Medium,413,336.36,53,57.03
U59934,56,Male,7.1,8,Non-Vegetarian,9.2,Medium,253,346.33,93,73.12
U48202,58,Female,5.7,1,Non-Vegetarian,10.6,Medium,391,343.71,73,69.9
U42171,20,Female,4.4,2,Vegetarian,9.3,High,365,435.37,44,42.99
U9519,23,Female,8.3,3,Non-Vegetarian,6.3,Low,177,231.7,43,75.49
U73142,48,Female,7.9,6,Non-Vegetarian,6.4,Medium,46,293.63,44,71.34
U22911,40,Female,8.7,7,Non-Vegetarian,1.4,Low,369,299.04,98,88.08
U37967,31,Male,7.6,1,Non-Vegetarian,1.1,Low,318,252.79,44,80.06
U27889,35,Female,6.9,6,Non-Vegetarian,6.3,Low,473,523.95,89,35.06
U47877,48,Female,5.1,4,Vegetarian,2.3,High,328,409.84,63,65.38
U17463,38,Male,5.9,3,Non-Vegetarian,4.3,Low,425,588.32,71,23.3
U57013,19,Male,5.9,9,Vegan,6.0,Medium,495,551.66,57,16.46
U79580,50,Male,9.0,2,Vegetarian,3.9,Low,325,478.57,57,45.39
U28149,38,Female,9.0,4,Vegetarian,9.8,Medium,365,477.53,73,49.91
U53063,40,Male,9.9,2,Non-Vegetarian,3.9,Low,83,233.72,52,90.34
U63924,25,Female,7.8,6,Vegan,1.1,Low,252,242.92,69,85.92
U35962,54,Female,5.0,3,Non-Vegetarian,11.1,Medium,262,472.81,53,34.81
U3209,24,Female,6.8,5,Non-Vegetarian,2.9,Medium,385,537.9,94,53.9
U46055,50,Male,5.7,9,Non-Vegetarian,10.5,Low,167,435.47,41,17.23
U65149,49,Male,7.8,4,Vegetarian,7.4,Low,23,514.25,86,48.33
U21045,40,Female,6.4,9,Non-Vegetarian,7.1,Low,237,437.56,67,34.98
U38851,40,Male,8.5,6,Vegetarian,11.4,High,116,310.5,41,64.33
U68284,22,Male,6.7,4,Non-Vegetarian,2.3,Low,26,483.82,48,39.79
U70677,41,Male,6.9,8,Vegan,4.2,Low,94,289.61,81,76.85
U35488,38,Other,9.5,9,Vegetarian,9.4,Low,273,277.14,52,56.25
U14528,52,Male,8.2,4,Non-Vegetarian,10.5,Medium,356,457.42,74,51.29
U73650,27,Male,7.6,3,Vegan,5.8,High,121,246.11,51,92.56
U77646,28,Female,5.9,8,Non-Vegetarian,10.8,Medium,382,429.63,47,28.85
U79939,58,Female,5.4,2,Non-Vegetarian,7.0,High,435,476.84,62,49.13
U20062,36,Other,8.2,3,Non-Vegetarian,4.8,Low,18,418.65,41,48.57
U67588,58,Female,5.9,1,Non-Vegetarian,9.1,Low,475,589.51,61,13.9
U67014,45,Female,4.7,10,Non-Vegetarian,2.6,High,142,323.35,80,78.77
U38645,31,Female,8.4,7,Vegetarian,4.3,High,358,317.59,69,80.76
U44738,23,Female,6.0,10,Vegetarian,10.3,Low,50,427.93,79,38.73
U26547,39,Male,5.0,1,Non-Vegetarian,3.1,Low,452,365.67,89,72.87
U72165,39,Male,5.9,10,Vegan,3.7,Medium,196,232.44,86,91.59
U544,51,Female,4.4,2,Non-Vegetarian,11.7,Low,323,290.24,79,66.92
U79846,37,Female,8.6,8,Non-Vegetarian,3.2,Low,152,297.83,88,82.72
U10239,46,Male,8.4,8,Non-Vegetarian,8.0,Medium,330,321.76,98,82.57
U59068,45,Female,7.8,5,Vegetarian,2.1,High,280,239.14,95,100.0
U26211,21,Male,5.0,7,Non-Vegetarian,8.2,Medium,452,429.53,79,47.57
U17782,33,Female,8.3,6,Non-Vegetarian,9.3,Medium,186,449.73,43,38.48
U40652,46,Female,5.2,9,Vegan,2.1,High,314,261.52,92,95.38
U17349,42,Other,9.0,7,Non-Vegetarian,5.3,High,366,542.87,49,32.75
U64238,41,Male,5.0,1,Non-Vegetarian,11.0,Low,20,487.43,63,36.36
U15819,36,Male,9.1,10,Vegan,4.1,Medium,153,332.76,53,65.03
U70289,26,Male,7.2,2,Vegetarian,5.0,Low,156,205.55,73,97.02
U73350,52,Male,9.6,5,Vegetarian,10.2,Medium,457,228.99,55,79.1
U29720,29,Female,9.6,3,Non-Vegetarian,10.7,Medium,395,491.64,61,42.81
U61881,58,Female,9.4,9,Vegetarian,2.8,Low,205,550.0,80,35.83
U23115,59,Male,5.2,1,Vegetarian,1.5,Medium,408,419.53,48,57.07
U21223,32,Other,6.5,10,Vegetarian,5.4,Medium,386,218.93,98,94.69
U27556,57,Male,9.9,9,Non-Vegetarian,6.1,Medium,58,270.92,80,91.34
U69016,38,Female,4.6,3,Non-Vegetarian,11.5,Medium,145,415.22,52,44.85
U23674,19,Male,7.1,10,Non-Vegetarian,2.5,High,344,594.06,84,36.56
U33021,18,Female,5.3,10,Non-Vegetarian,5.0,Medium,328,491.05,77,38.2
U35618,53,Female,6.5,5,Non-Vegetarian,2.7,Low,324,416.25,89,62.6
U70624,21,Male,4.7,2,Non-Vegetarian,10.1,Low,489,343.58,75,55.71
U52402,49,Male,7.0,7,Vegetarian,9.5,Medium,207,586.01,69,23.44
U76662,52,Female,8.9,6,Vegetarian,2.0,Medium,437,362.13,75,76.21
U64447,45,Male,5.6,4,Vegetarian,1.9,Low,336,273.49,87,86.55
U17514,33,Other,4.3,10,Non-Vegetarian,3.3,Medium,479,420.47,73,45.49
U1577,31,Female,5.5,7,Vegan,10.8,High,179,318.32,81,74.67
U61910,26,Female,8.4,9,Non-Vegetarian,5.0,Low,138,382.84,79,59.23
U45919,24,Male,8.1,1,Non-Vegetarian,4.8,Medium,430,507.31,45,41.35
U6607,50,Male,9.4,1,Non-Vegetarian,2.5,Low,29,425.16,90,81.61
U20692,53,Female,7.2,6,Vegetarian,8.0,Low,426,476.18,88,41.52
U9799,47,Female,7.7,6,Non-Vegetarian,3.0,Low,127,594.83,61,22.72
U29888,26,Male,7.5,9,Non-Vegetarian,2.6,Medium,466,266.5,62,75.36
U12466,19,Male,5.9,6,Vegetarian,11.2,Medium,376,487.5,70,34.23
U60838,23,Female,5.9,3,Vegetarian,11.3,Medium,88,550.86,82,41.28
U19430,31,Female,4.9,3,Vegetarian,6.9,Medium,154,346.37,77,76.14
U75977,33,Female,5.1,9,Vegetarian,3.8,High,289,220.54,53,80.46
U63842,36,Female,7.4,10,Non-Vegetarian,10.7,Medium,46,257.33,62,70.94
U32158,49,Male,6.9,2,Non-Vegetarian,2.1,High,30,567.25,54,48.51
U44680,29,Male,5.0,4,Non-Vegetarian,11.9,High,43,565.48,57,27.54
U77663,18,Male,5.8,9,Non-Vegetarian,6.5,Medium,218,249.01,71,78.49
U27557,42,Female,7.8,4,Vegetarian,10.9,Medium,186,528.54,76,42.44
U26395,30,Female,8.7,7,Vegan,6.3,High,331,547.2,70,41.13
U41988,52,Male,5.2,4,Non-Vegetarian,10.5,Medium,156,350.71,84,72.08
U38618,48,Female,7.8,10,Vegan,6.7,Medium,214,583.21,96,37.07
U455,19,Female,9.2,5,Non-Vegetarian,3.8,Low,372,387.94,43,47.1
U66712,40,Female,5.1,1,Non-Vegetarian,11.7,Low,207,485.25,58,29.64
U57836,27,Male,5.4,7,Vegan,6.7,Medium,470,213.57,87,90.26
U66764,56,Female,5.6,5,Non-Vegetarian,1.3,Low,105,432.71,87,63.53
U58060,28,Female,8.8,6,Non-Vegetarian,10.3,Low,168,404.77,94,61.33
U36234,30,Female,10.0,2,Non-Vegetarian,8.2,Low,124,273.28,88,94.67
U10255,29,Female,4.1,9,Non-Vegetarian,8.9,Low,44,279.58,89,68.87
U57144,54,Male,5.4,6,Non-Vegetarian,10.3,High,75,277.79,94,92.55
U15148,48,Female,4.7,1,Non-Vegetarian,11.9,Low,445,527.47,43,9.24
U2450,23,Other,8.5,5,Vegetarian,4.5,Low,246,565.56,58,25.07
U37380,53,Female,6.6,5,Non-Vegetarian,8.7,Low,21,411.46,67,49.65
U77518,58,Male,7.4,7,Non-Vegetarian,5.4,Medium,162,411.24,47,49.42
U37124,49,Male,4.1,8,Non-Vegetarian,9.1,Medium,307,545.14,55,14.05
U72289,32,Female,7.2,3,Vegetarian,7.5,Low,28,308.45,75,77.68
U17861,42,Male,7.6,1,Non-Vegetarian,8.6,Medium,286,368.64,40,58.14
U45646,56,Male,4.6,9,Vegetarian,10.3,Low,77,431.92,58,26.22
U72207,22,Male,9.0,1,Vegetarian,1.2,Low,5,557.56,99,65.67
U60399,32,Male,7.9,6,Vegan,5.9,Low,211,391.43,98,69.49
U65717,54,Male,7.9,9,Non-Vegetarian,1.4,Low,471,578.22,64,16.91
U8278,23,Female,9.6,6,Non-Vegetarian,1.4,Low,156,342.09,88,83.97
U14316,52,Female,6.0,2,Non-Vegetarian,3.9,High,144,531.62,89,65.17
U59963,38,Female,7.6,2,Vegetarian,4.5,Low,224,340.93,45,60.65
U54174,54,Female,7.1,6,Non-Vegetarian,5.6,Low,470,538.13,66,22.71
U71845,28,Female,4.0,9,Vegan,8.7,Low,268,589.39,82,9.36
U32440,38,Male,8.2,6,Non-Vegetarian,3.0,High,192,363.21,72,81.53
U41025,30,Female,9.9,8,Non-Vegetarian,1.6,Medium,87,401.44,73,74.25
U19377,55,Male,7.3,4,Vegetarian,6.3,Low,226,358.17,70,62.94
U6940,41,Male,4.9,6,Vegetarian,8.1,Medium,197,426.66,48,39.6
U32232,40,Female,9.7,8,Non-Vegetarian,7.4,Low,233,257.58,74,76.71
U63797,20,Female,6.0,10,Vegetarian,6.2,Low,296,350.83,98,62.31
U60197,37,Female,7.8,6,Non-Vegetarian,7.1,Medium,476,436.96,72,51.6
U22966,29,Male,4.1,10,Vegetarian,4.8,Medium,52,539.06,57,23.62
U55696,46,Other,5.8,3,Non-Vegetarian,9.8,Medium,259,363.65,80,70.11
U12663,41,Female,6.8,7,Non-Vegetarian,11.7,Medium,52,314.5,40,53.59
U40558,23,Female,7.5,7,Non-Vegetarian,7.7,High,457,598.46,82,31.57
U20833,22,Female,7.5,3,Non-Vegetarian,10.0,Low,248,515.39,46,21.14
U12332,39,Female,5.9,5,Non-Vegetarian,10.0,High,87,571.73,43,21.27
U6529,29,Other,6.6,3,Non-Vegetarian,11.1,Low,232,478.29,92,47.2
U15743,56,Female,7.9,2,Non-Vegetarian,2.3,Low,107,571.05,86,49.04
U78539,40,Female,6.6,9,Non-Vegetarian,8.4,High,450,279.06,47,60.59
U52867,31,Other,5.7,10,Non-Vegetarian,6.4,Medium,302,237.91,65,73.61
U42738,42,Female,8.5,2,Non-Vegetarian,1.1,Medium,26,524.13,53,54.97
U9425,21,Male,4.6,1,Non-Vegetarian,11.4,Medium,93,207.23,68,92.7
U34260,39,Female,5.8,9,Vegetarian,9.4,Medium,351,220.2,67,74.28
U9938,56,Male,5.9,10,Non-Vegetarian,2.2,Low,403,224.35,72,74.05
U15394,19,Male,6.6,4,Non-Vegetarian,8.9,Low,374,447.74,85,47.25
U58010,54,Male,7.1,3,Non-Vegetarian,5.4,Medium,21,277.32,96,100.0
U18250,56,Female,8.0,10,Vegetarian,4.6,Medium,170,305.21,79,79.33
U65388,28,Female,7.3,3,Non-Vegetarian,5.9,Low,278,217.11,47,76.5
U78341,41,Male,7.4,2,Non-Vegetarian,2.3,Medium,383,471.08,99,75.68
U7516,32,Male,5.2,9,Non-Vegetarian,10.7,High,116,572.55,97,37.11
U32543,50,Male,9.6,10,Vegetarian,11.2,Medium,32,465.93,97,57.6
U50300,34,Female,9.2,7,Non-Vegetarian,11.7,Low,308,215.66,66,72.75
U3715,21,Male,5.3,10,Non-Vegetarian,10.2,Low,96,240.75,72,64.26
U5200,24,Female,7.6,4,Vegetarian,1.8,Low,103,599.61,84,39.5
U56990,33,Male,6.6,6,Vegetarian,7.5,Medium,14,539.34,40,24.78
U28970,33,Male,6.5,5,Vegetarian,10.7,Low,497,551.76,89,24.55
U73285,36,Female,5.7,1,Non-Vegetarian,11.7,Low,181,408.49,42,36.15
U74863,18,Female,4.1,1,Non-Vegetarian,4.2,Low,358,373.46,41,46.0
U31495,21,Male,6.8,9,Vegan,3.8,Medium,264,264.24,45,68.08
U22240,18,Female,5.6,7,Vegetarian,11.4,Medium,211,423.28,58,39.33
U9247,18,Female,6.7,7,Non-Vegetarian,7.5,High,358,553.13,46,21.8
U60539,40,Male,7.9,1,Vegan,6.4,High,41,591.3,50,39.83
U5474,50,Female,9.3,6,Non-Vegetarian,10.5,Low,196,578.6,43,7.0
U59132,52,Female,6.3,4,Non-Vegetarian,7.3,Medium,171,464.76,97,66.27
U2894,44,Female,7.4,6,Non-Vegetarian,8.5,Low,401,260.59,61,64.1
U45357,30,Male,6.6,3,Non-Vegetarian,11.1,Low,235,475.85,70,36.54
U60378,47,Male,6.4,9,Non-Vegetarian,11.6,Medium,147,347.04,44,43.62
U9507,25,Male,9.6,4,Non-Vegetarian,8.8,Medium,409,535.62,67,39.05
U26831,59,Female,9.1,2,Non-Vegetarian,8.4,Low,317,382.39,66,59.53
U28519,41,Female,7.8,1,Non-Vegetarian,10.4,High,16,445.47,88,77.44
U63497,46,Female,7.7,3,Non-Vegetarian,2.1,Low,164,545.29,86,50.09
U34285,58,Female,4.2,5,Vegetarian,1.8,Low,350,381.85,54,47.06
U37908,30,Female,6.3,3,Non-Vegetarian,6.7,Medium,308,368.8,80,73.92
U74237,21,Male,4.2,1,Non-Vegetarian,4.5,Medium,258,313.13,96,95.3
U55769,55,Male,9.9,7,Vegan,9.9,Low,23,501.32,84,43.94
U33113,20,Male,8.5,3,Non-Vegetarian,2.3,Low,22,363.0,92,87.61
U47885,27,Male,8.0,4,Vegetarian,1.7,Low,23,375.67,47,60.88
U2260,31,Male,8.9,8,Non-Vegetarian,11.0,Medium,198,300.25,67,69.8
U35862,40,Female,6.8,5,Non-Vegetarian,3.4,Medium,63,585.93,78,43.59
U61613,53,Female,9.6,8,Vegetarian,8.1,High,398,325.48,85,81.34
U36392,57,Female,9.9,8,Non-Vegetarian,8.8,Medium,297,283.13,57,70.97
U13374,19,Female,8.7,8,Vegan,1.5,Medium,270,532.96,41,30.42
U74178,47,Female,9.9,1,Vegetarian,8.1,Medium,345,326.38,86,92.35
U47125,45,Male,9.4,4,Vegan,5.6,Medium,174,543.11,91,58.9
U21742,29,Female,7.9,5,Vegetarian,9.5,Low,418,396.27,41,32.64
U53190,55,Female,9.4,6,Vegetarian,8.1,High,316,481.49,64,50.08
U22393,48,Female,8.0,10,Vegetarian,7.7,High,133,499.76,62,39.5
U45922,29,Female,7.5,1,Non-Vegetarian,7.7,Low,142,229.44,51,80.87
U23725,39,Female,6.3,10,Non-Vegetarian,11.9,High,309,516.91,86,35.42
U25162,40,Male,6.0,7,Non-Vegetarian,9.7,Low,463,224.78,68,65.73
U13179,49,Female,7.5,4,Non-Vegetarian,2.0,Medium,268,507.78,51,44.51
U30464,23,Female,5.1,7,Vegetarian,11.6,Medium,453,517.57,47,11.98
U3032,47,Male,9.5,3,Vegetarian,9.6,Medium,373,281.4,86,92.24
U22683,24,Female,7.1,1,Non-Vegetarian,2.5,Low,205,361.08,42,60.17
U55604,40,Female,9.1,7,Vegan,11.2,Low,145,207.7,74,81.88
U64532,19,Female,4.4,8,Non-Vegetarian,3.7,Low,453,463.49,72,31.94
U44614,30,Male,5.1,8,Vegan,3.1,High,474,384.19,94,73.04
U1521,27,Male,5.6,2,Vegetarian,8.6,Medium,343,340.46,95,83.2
U18296,42,Other,4.7,7,Non-Vegetarian,1.3,Medium,479,541.26,85,41.16
U67247,25,Female,9.4,2,Vegetarian,10.2,Medium,433,526.87,94,55.03
U31084,41,Male,8.9,10,Vegetarian,10.2,High,64,479.66,46,34.28
U77838,57,Male,4.2,2,Non-Vegetarian,4.0,Medium,308,472.98,51,43.91
U59618,47,Female,9.7,1,Vegetarian,5.5,High,274,443.24,44,61.8
U64470,33,Male,5.0,6,Vegetarian,11.3,Low,1,569.39,70,16.13
U42412,51,Female,7.1,8,Non-Vegetarian,4.2,High,41,296.81,52,77.61
U4196,40,Male,4.3,9,Vegetarian,7.5,Low,286,392.57,51,28.7
U63912,54,Female,8.0,4,Vegetarian,6.0,Medium,179,453.11,54,51.9
U11839,54,Other,9.8,4,Non-Vegetarian,2.4,Low,308,254.36,68,88.45
U73469,35,Male,8.8,4,Vegetarian,11.3,High,283,520.11,85,52.8
U8229,38,Male,7.5,10,Vegetarian,3.1,Medium,133,299.09,83,84.34
U31447,57,Female,9.3,4,Non-Vegetarian,11.9,Low,90,418.55,64,48.19
U28863,20,Female,7.0,3,Non-Vegetarian,1.6,Low,436,430.65,42,41.11
U35760,47,Female,6.1,3,Non-Vegetarian,5.7,Medium,299,291.25,98,97.13
U78213,33,Female,7.3,7,Vegetarian,6.2,Medium,163,497.23,94,57.17
U5158,43,Female,8.3,8,Non-Vegetarian,9.1,High,100,216.37,67,92.39
U21871,48,Male,6.5,3,Non-Vegetarian,2.6,Medium,386,278.77,48,77.92
U48931,32,Male,7.3,3,Non-Vegetarian,9.2,Medium,265,554.71,47,25.55
U34510,57,Female,4.9,8,Non-Vegetarian,5.8,Medium,404,590.46,52,9.61
U73402,28,Female,9.5,4,Vegan,10.4,Low,189,568.5,83,33.37
U46187,59,Male,4.9,8,Non-Vegetarian,6.0,Medium,108,358.44,45,50.4
U68427,49,Male,4.3,5,Non-Vegetarian,11.2,Low,286,221.12,75,71.73
U17832,23,Male,4.1,5,Non-Vegetarian,9.6,Low,495,484.23,67,21.7
U32565,30,Female,9.4,1,Non-Vegetarian,2.9,High,207,224.77,97,100.0
U30827,38,Other,4.3,4,Non-Vegetarian,8.7,Medium,54,252.67,79,88.86
U28297,54,Female,7.6,3,Non-Vegetarian,4.1,Low,208,438.99,55,48.22
U45439,42,Male,4.1,8,Vegetarian,1.1,Low,492,584.98,61,8.71
U1802,33,Female,8.6,1,Non-Vegetarian,7.2,Low,250,351.1,95,83.38
U74569,49,Female,4.1,8,Vegetarian,2.0,Low,123,430.01,50,35.07
U68807,41,Female,5.4,10,Vegetarian,9.6,Medium,15,384.88,81,57.45
U3138,53,Male,6.0,10,Non-Vegetarian,7.3,Medium,440,213.44,45,64.18
U34505,55,Female,6.1,1,Vegetarian,10.0,Low,167,380.49,45,45.94
U25127,49,Female,6.8,3,Non-Vegetarian,2.0,Low,384,357.77,80,72.29
U18519,55,Male,9.5,8,Non-Vegetarian,8.5,Low,494,432.63,78,42.26
U70685,34,Male,6.4,8,Non-Vegetarian,11.2,Medium,441,466.25,93,44.97
U5580,41,Other,8.0,4,Non-Vegetarian,6.7,High,116,354.99,98,95.47
U55661,35,Female,7.7,4,Non-Vegetarian,1.2,Low,298,345.8,58,66.01
U36516,21,Female,9.8,7,Vegetarian,1.9,Medium,37,265.86,79,100.0
U68531,40,Male,4.9,3,Non-Vegetarian,10.5,Medium,480,569.37,80,28.56
U16914,42,Female,9.2,9,Vegetarian,2.6,Medium,220,480.06,49,41.59
U45140,28,Male,9.5,5,Non-Vegetarian,3.6,Medium,30,344.9,81,91.02
U72088,38,Male,5.6,9,Non-Vegetarian,10.0,Low,9,334.99,45,39.69
U15941,49,Male,8.5,1,Vegetarian,2.2,Medium,95,595.04,49,40.13
U34982,54,Female,5.5,7,Non-Vegetarian,11.4,Low,317,418.5,44,20.81
U56652,19,Female,4.7,8,Vegan,4.3,Low,464,268.4,77,66.44
U34193,20,Other,4.8,2,Vegetarian,2.3,Medium,111,244.23,92,100.0
U19441,22,Female,6.6,5,Vegetarian,11.5,Low,413,523.23,72,21.49
U54679,46,Male,4.1,6,Vegetarian,10.0,Low,88,486.58,98,42.34
U16380,24,Other,5.6,10,Non-Vegetarian,11.1,Medium,417,238.46,76,69.47
U77765,55,Male,7.2,2,Non-Vegetarian,6.9,Low,41,486.13,83,54.71
U50486,27,Male,5.7,4,Non-Vegetarian,4.9,High,417,239.94,62,88.72
U40870,43,Male,6.2,10,Vegetarian,10.6,Low,105,545.03,46,1.56
U33862,56,Male,6.8,9,Non-Vegetarian,2.4,Medium,45,304.73,41,65.81
U58094,35,Male,7.6,4,Non-Vegetarian,11.1,Medium,226,525.24,85,45.99
U46321,46,Female,8.9,5,Non-Vegetarian,11.7,Low,271,450.12,94,51.81
U28253,31,Female,6.0,6,Vegan,11.8,Low,221,516.36,90,31.82
U26252,37,Male,7.6,8,Vegetarian,5.4,Low,434,555.41,98,33.85
U31040,38,Male,5.0,4,Non-Vegetarian,6.6,Low,287,250.92,97,88.04
U10686,46,Male,9.9,3,Non-Vegetarian,10.5,Medium,282,295.87,94,95.1
U60331,55,Male,5.7,3,Vegetarian,2.8,Low,192,492.29,45,32.81
U55523,56,Male,10.0,10,Non-Vegetarian,8.4,Medium,60,331.21,43,57.5
U28675,26,Female,4.2,5,Non-Vegetarian,2.3,Medium,354,279.18,94,93.34
U8074,47,Male,9.2,1,Non-Vegetarian,6.9,High,399,517.35,51,47.34
U26127,58,Female,5.7,3,Vegetarian,6.9,Low,311,420.28,47,37.28
U21271,48,Female,8.1,1,Vegetarian,10.7,Low,401,557.01,81,32.8
U27110,46,Male,5.5,7,Vegan,11.9,High,174,371.9,63,55.19
U34368,42,Other,4.5,7,Non-Vegetarian,3.9,High,0,555.07,88,50.64
U39518,25,Female,4.4,3,Vegan,10.5,Medium,193,547.4,46,19.96
U14402,47,Female,4.7,4,Vegan,5.2,Low,238,408.76,92,61.71
U19958,51,Male,8.5,8,Non-Vegetarian,1.1,Medium,276,551.21,60,36.96
U43198,32,Male,7.2,2,Non-Vegetarian,1.5,Low,52,257.97,60,89.12
U8045,26,Female,7.3,5,Vegetarian,5.6,High,356,305.16,90,93.22
U51047,37,Female,6.9,8,Vegan,10.2,Medium,192,325.1,75,66.98
U75848,21,Other,9.7,2,Non-Vegetarian,7.4,High,154,284.04,62,94.88
U77243,39,Female,5.6,9,Non-Vegetarian,2.3,Low,404,206.4,85,84.77
U48730,40,Other,9.4,3,Non-Vegetarian,10.7,Medium,410,378.92,86,73.4
U67138,42,Female,4.3,8,Non-Vegetarian,9.6,High,209,281.13,40,57.17
U35065,42,Female,5.4,9,Non-Vegetarian,2.2,Low,359,321.36,93,70.26
U49216,21,Male,4.7,1,Non-Vegetarian,4.8,Medium,259,293.38,97,99.62
U74755,20,Male,4.5,8,Vegetarian,9.2,Low,61,510.6,79,27.38
U3822,43,Female,4.6,2,Non-Vegetarian,9.7,Medium,422,560.98,71,29.21
U61127,38,Female,9.9,5,Non-Vegetarian,11.4,High,404,473.76,72,51.66
U42896,56,Female,4.1,8,Non-Vegetarian,7.5,Medium,195,533.47,72,29.14
U53810,54,Female,5.1,6,Vegetarian,7.6,Low,284,243.33,71,71.06
U25467,29,Female,7.5,5,Non-Vegetarian,3.1,Low,364,289.93,97,88.25
U61812,18,Male,9.2,6,Non-Vegetarian,3.9,Medium,214,590.06,68,36.93
U16163,53,Male,7.0,3,Non-Vegetarian,9.2,Low,183,533.77,79,36.08
U67189,53,Other,7.1,2,Non-Vegetarian,11.0,Medium,483,594.92,40,9.89
U34945,54,Male,7.5,6,Vegetarian,6.5,Low,321,572.1,49,10.98
U36341,45,Female,5.3,3,Non-Vegetarian,5.0,Low,327,533.07,49,21.21
U67634,30,Male,4.3,1,Non-Vegetarian,5.5,High,50,450.82,57,60.71
U16224,20,Female,9.8,4,Non-Vegetarian,9.8,Low,312,382.81,41,42.36
U41695,35,Male,9.3,6,Non-Vegetarian,11.5,Medium,19,583.64,68,30.7
U15751,28,Male,9.1,8,Vegetarian,2.2,Low,478,507.06,83,41.33
U1186,54,Male,4.7,6,Non-Vegetarian,8.5,High,45,553.92,82,42.43
U70031,43,Female,7.7,6,Vegan,10.8,Low,452,293.3,78,63.28
U36755,30,Female,7.3,10,Vegan,12.0,Low,240,349.99,65,40.97
U12841,30,Female,5.3,4,Vegetarian,1.9,High,266,541.09,58,43.25
U48386,39,Male,5.3,6,Non-Vegetarian,7.0,Low,240,282.75,74,68.18
U29245,41,Female,4.9,1,Non-Vegetarian,11.6,Medium,30,226.65,93,100.0
U63661,51,Female,8.6,3,Non-Vegetarian,1.0,Medium,322,511.85,47,46.45
U56914,49,Female,8.2,9,Vegetarian,1.8,Medium,418,226.84,76,92.53
U78145,19,Male,8.8,1,Non-Vegetarian,8.4,Low,100,400.24,95,76.79
U63996,33,Male,4.4,9,Non-Vegetarian,7.3,Medium,54,243.74,85,85.65
U46682,24,Male,6.1,4,Vegan,1.8,Medium,411,336.08,40,62.27
U37913,40,Male,8.8,7,Vegetarian,10.3,Low,227,523.89,65,23.8
U20850,54,Male,5.4,3,Vegetarian,4.8,Medium,483,262.81,62,80.14
U57356,30,Male,9.5,10,Vegetarian,7.8,Medium,463,485.84,91,47.57
U55024,44,Female,7.5,9,Vegetarian,3.6,Low,150,374.28,50,46.22
U79894,26,Male,6.3,2,Vegetarian,11.3,Low,438,418.5,47,31.64
U33966,52,Male,8.0,9,Vegetarian,3.7,High,116,293.74,43,72.67
U17081,53,Female,4.8,1,Non-Vegetarian,10.8,High,121,440.77,99,75.02
U43886,53,Male,5.4,3,Non-Vegetarian,12.0,Medium,253,557.09,56,21.89
U71502,21,Female,5.0,4,Non-Vegetarian,10.1,Medium,380,567.49,95,37.17
U40,26,Male,8.6,10,Non-Vegetarian,4.1,Medium,414,387.22,79,62.73
U65824,21,Female,8.6,6,Vegetarian,9.6,Medium,279,512.12,75,42.37
U59718,21,Male,4.0,8,Non-Vegetarian,5.6,High,147,362.16,49,54.8
U69029,55,Other,7.5,4,Vegan,9.5,Low,438,330.82,98,72.85
U45104,54,Female,4.1,5,Vegetarian,1.6,High,237,589.52,83,44.31
U50579,19,Other,4.0,3,Vegan,7.3,Low,255,292.53,85,74.7
U26994,56,Male,9.4,3,Non-Vegetarian,3.8,Low,83,336.62,48,68.34
U6703,26,Female,9.4,4,Vegetarian,4.3,Low,476,290.92,60,71.34
U65769,25,Other,8.4,4,Non-Vegetarian,1.7,Medium,23,474.26,41,52.25
U23852,18,Female,7.3,9,Non-Vegetarian,2.2,High,144,390.02,53,61.92
U59584,36,Female,9.4,7,Non-Vegetarian,5.2,Low,10,469.02,87,57.13
U46600,21,Female,4.3,5,Non-Vegetarian,5.8,High,258,458.28,84,60.36
U3215,27,Female,7.6,2,Non-Vegetarian,9.5,Low,232,421.83,96,65.01
U46635,47,Female,7.0,7,Non-Vegetarian,5.8,Low,328,479.54,81,40.32
U36694,28,Female,8.2,7,Non-Vegetarian,5.7,Medium,464,302.45,93,85.66
U64254,20,Male,8.2,8,Non-Vegetarian,1.6,Medium,470,481.83,83,54.8
U26846,45,Other,7.3,3,Non-Vegetarian,10.1,Medium,192,418.16,74,61.92
U48632,34,Female,9.1,7,Vegetarian,2.2,Low,464,557.25,78,32.75
U67529,34,Male,4.2,10,Vegetarian,6.9,Medium,185,507.87,80,34.7
U49374,47,Female,9.6,3,Non-Vegetarian,8.6,Medium,240,469.62,92,68.23
U4027,56,Male,6.3,1,Vegan,5.7,Medium,142,365.64,96,91.27
U27951,20,Male,8.9,5,Vegan,5.0,Medium,370,435.52,97,73.81
U68080,48,Male,8.0,5,Vegetarian,9.6,Medium,252,596.0,69,26.73
U51428,38,Male,4.2,4,Vegan,4.1,Medium,377,228.84,45,76.07
U74394,54,Female,9.4,6,Vegan,5.8,Low,474,366.04,45,45.11
U5147,20,Male,9.5,2,Non-Vegetarian,6.7,Medium,333,504.74,88,63.17
U15579,20,Male,4.1,1,Vegetarian,4.1,Medium,308,405.77,54,58.26
U78859,47,Female,5.3,5,Vegetarian,1.5,Medium,68,245.88,90,100.0
U74341,23,Other,4.1,5,Vegetarian,3.4,Medium,107,288.72,42,68.84
U29272,19,Male,9.6,10,Vegetarian,7.2,Low,148,274.47,64,66.7
U22570,57,Female,9.3,10,Non-Vegetarian,1.2,Medium,55,380.5,95,84.78
U68975,44,Male,9.2,6,Non-Vegetarian,2.2,Low,410,577.93,95,41.08
U26626,24,Male,5.8,1,Vegetarian,4.7,High,150,386.21,42,66.18
U71263,39,Female,8.3,5,Non-Vegetarian,1.4,Low,369,411.27,53,50.08
U15398,33,Female,5.0,1,Non-Vegetarian,9.7,Medium,288,414.17,96,71.66
U54452,35,Male,7.7,10,Non-Vegetarian,3.1,Low,284,221.8,94,90.1
U61775,40,Male,8.2,2,Non-Vegetarian,3.8,Low,38,549.1,53,35.92
U78553,50,Female,6.4,4,Vegan,5.8,Low,153,216.8,57,80.41
U25788,35,Female,6.7,5,Vegan,2.7,Low,403,564.59,65,24.69
U66166,20,Other,4.5,1,Non-Vegetarian,7.6,Low,77,323.42,51,60.66
U58241,34,Female,6.8,3,Vegetarian,3.5,High,161,278.62,80,100.0
U69808,39,Female,6.4,1,Non-Vegetarian,1.2,Low,237,418.53,56,57.5
U23842,20,Female,7.4,10,Vegetarian,6.3,Medium,420,432.87,66,42.8
U38353,36,Female,4.2,1,Vegetarian,3.7,High,455,237.85,70,97.11
U46246,25,Male,6.7,8,Vegetarian,6.7,Medium,215,285.79,99,89.92
U69950,56,Female,8.6,2,Non-Vegetarian,6.7,High,322,506.84,46,45.24
U27915,53,Male,9.3,10,Non-Vegetarian,10.8,High,168,331.65,91,79.26
U35858,21,Female,4.7,10,Vegetarian,4.2,Low,313,374.81,60,39.37
U76183,41,Male,8.3,7,Non-Vegetarian,8.0,High,341,570.79,95,46.15
U78544,55,Female,7.8,3,Non-Vegetarian,5.7,Medium,62,381.51,86,84.22
U55795,46,Male,7.3,10,Vegan,11.6,Medium,125,328.46,89,69.46
